{"FET": [137889688.84993288], "RENDER": [58244738.16380033], "TAO": [216078163.6999177], "NEAR": [657430577.1393677], "WLD": [714842265.551337], "DOGE": [809097678.232798], "PEPE": [221145194.90956998], "SHIB": [74707273.02668856], "BONK": [34030427.07176572], "WIF": [64080153.47855348]}